Nome; CPF/CNPJ; PF/PJ; Num_Conta; Saldo
Hendrerit Neque Foundation;49762231825;PF;5467;50
Curabitur Sed Tortor Consulting;71844336234;PF;7087;50
Elit Foundation;48888689687;PF;494;50
Commodo Hendrerit Donec Foundation;72928258468;PF;3437;50
Vitae Semper Incorporated;83222321884;PF;3246;50
Vivamus Rhoncus Limited;25571296584;PF;4812;50
Tempor Lorem Limited;31559883568;PF;4377;50
Tempus Non Lacinia Associates;24889282569;PF;2898;50
Mattis Cras Eget Ltd;35447236378;PF;4250;50
Cum Sociis Inc.;57278254928;PF;8965;50
Dui Augue Eu Foundation;22232466637;PF;5725;50
Interdum Curabitur Dictum Inc.;58497283264;PF;8494;50
Blandit Institute;16253396762;PF;6802;50
Quisque Imperdiet Company;54454384367;PF;9108;50
Eget Foundation;37135274744;PF;6311;50
Tellus Sem Mollis Foundation;57853426237;PF;871;50
Vitae LLP;37377764286;PF;8280;50
A Purus Limited;92524477364;PF;625;50
Eget Limited;38527639742;PF;239;50
Elit Consulting;66258638498;PF;1971;50
Donec Elementum Corp.;39435842947;PF;6894;50
Arcu Sed Associates;34955415647;PF;6222;50
Mattis Consulting;34472378877;PF;8826;50
Felis Associates;37748688435;PF;8080;50
Non Corp.;47665765255;PF;5286;50
Bibendum Donec Corp.;63782321832;PF;4398;50
Nunc Institute;37638245335;PF;464;50
Accumsan Convallis Ante Foundation;95558811282;PF;1572;50
Eu Sem LLC;72434536854;PF;7773;50
Tristique Neque Limited;61883774839;PF;6771;50
Nec Euismod Inc.;64122954542;PF;8317;50
Nullam Lobortis Quam Institute;84317681112;PF;8146;50
Nunc Industries;59856545247;PF;2479;50
Adipiscing Elit Aliquam Incorporated;26832614197;PF;8066;50
Cursus Foundation;33265483377;PF;3798;50
Gravida Non Sollicitudin Institute;44985583268;PF;237;50
Magna LLP;33355546853;PF;2309;50
Amet Consectetuer Consulting;38522322547;PF;1508;50
Augue Scelerisque Corp.;89372486846;PF;5683;50
Elit Dictum Ltd;81819598821;PF;592;50
Rhoncus Proin Corp.;65252797459;PF;8316;50
Quis Pede Institute;46312988779;PF;5009;50
Tincidunt Orci Quis Institute;64257866879;PF;1175;50
Feugiat Tellus Lorem Institute;22236441276;PF;748;50
Velit Egestas Consulting;87754267186;PF;5467;50
Est Vitae Sodales Inc.;47793572184;PF;4378;50
Purus LLP;25285733635;PF;6184;50
Nullam Scelerisque LLC;38159662974;PF;2539;50
Tincidunt Nunc Ac Foundation;82759585446;PF;8930;50
Dui Nec Urna PC;77767979323;PF;5624;50
Mauris Corp.;92596221236;PF;3560;50
Tincidunt Pede Ac Company;93545347882;PF;2654;50
Lectus Ante Dictum Industries;22889719465;PF;4733;50
Cursus Diam Inc.;23116477774;PF;162;50
Et Corporation;55795633428;PF;9499;50
Risus Limited;74825796159;PF;4543;50
Bibendum Sed Foundation;67365142627;PF;7186;50
Auctor Mauris Vel Corp.;27744763278;PF;9434;50
Elit Pharetra Ut Institute;22546854485;PF;341;50
Non Vestibulum Corporation;29848559853;PF;4346;50
Nulla Cras Eu Associates;45933575884;PF;6796;50
Jelani Roy;41282626631;PJ;425;50
Ulysses Farmer;13643172737;PJ;7227;50
Dana Mendoza;26673788643;PJ;2009;50
Fatima Bryan;39877169195;PJ;3833;50
Dante Gibson;16846369443;PJ;1522;50
Erich Trujillo;55271863477;PJ;8841;50
Yuli Shannon;33578172376;PJ;2954;50
Gillian Acevedo;78623926331;PJ;5233;50
Honorato Kirkland;84743496887;PJ;3349;50
Claire Stark;35296968168;PJ;2605;50
Gemma Meyer;32836462755;PJ;2220;50
Urielle Mcclure;67688284888;PJ;481;50
Ashely Silva;81345212245;PJ;6474;50
Rebecca Rich;85359261732;PJ;3090;50
Brenna Barrett;68435824496;PJ;3762;50
Charissa Morrow;66834576697;PJ;9826;50
Jana Goff;42536284185;PJ;8821;50
Naida Chen;65815512283;PJ;3143;50
Cullen Gay;99874626571;PJ;7337;50
Selma Mays;75966249895;PJ;6575;50
Delilah Morgan;56436457278;PJ;802;50
Quinlan Snider;27435424561;PJ;4086;50
Yoshio Blackwell;46557549652;PJ;5246;50
Amery Wolf;72458656574;PJ;4759;50
Neve Workman;96973526184;PJ;6308;50
Andrew Odom;67788843713;PJ;2224;50
Macon Greer;36812858717;PJ;8849;50
Garth Avery;48544276745;PJ;8698;50
Melinda Gay;38227888711;PJ;8228;50
Heidi Byrd;22562631278;PJ;3123;50
Clementine Mcclain;82382846893;PJ;7522;50
Alfonso Bernard;25472123721;PJ;3428;50
Murphy Nieves;67794588522;PJ;4559;50
Quintessa Jensen;84284356179;PJ;5083;50
Jaden Pruitt;38643325955;PJ;9314;50
Sydnee Mcintosh;76591923497;PJ;5900;50
Alfonso Waller;38358685475;PJ;5268;50
Aidan Noel;36815123171;PJ;6622;50
Demetria Mitchell;84369787216;PJ;40;50
Nathan Whitehead;57583477717;PJ;2186;50
Cecilia Wiggins;56382299665;PJ;4548;50
Ciara Atkinson;42555657552;PJ;2338;50
Zephr Perez;74113198425;PJ;4984;50
Priscilla Carter;96519534462;PJ;8884;50
Raymond Kane;74737857844;PJ;4735;50
Riley Briggs;87258365988;PJ;8097;50
Olga Boyd;44478279118;PJ;3634;50
Jael Moore;42954375888;PJ;4824;50
Chava Woodard;18385314333;PJ;1675;50
Wang Montoya;61753933379;PJ;5409;50
Lesley Serrano;74217649231;PJ;291;50
Florence Nelson;58786555456;PJ;3313;50
Jacob Crane;48837714184;PJ;8400;50
Maia Bass;91465225226;PJ;2671;50
Cheryl Cole;26822766817;PJ;7987;50
Doris Hess;25618734767;PJ;6854;50
Kibo Patrick;62817835716;PJ;3423;50
Conan Lynn;72127325511;PJ;2798;50
Theodore William;29677226195;PJ;5401;50
Lois Townsend;56967268454;PJ;2101;50
Blake Burnett;87755448559;PJ;1525;50
Vivian Sanders;62766823732;PJ;1917;50
Yen Ortiz;63587424215;PJ;5407;50
Gil Mccray;32511252397;PJ;4370;50
Alexa Elliott;23975456163;PJ;3546;50
Kenyon Mack;13965567563;PJ;387;50
Abigail Hopper;84258132928;PJ;9530;50
Sydnee Franks;54877223282;PJ;749;50
Veda Mills;81277173254;PJ;1931;50
Kane Cross;56163357336;PJ;8721;50
Howard Horne;85184328686;PJ;2481;50
Brody Garcia;97682366546;PJ;3555;50
Demetria Vargas;43562897246;PJ;6619;50
Kibo Crawford;71336958664;PJ;6146;50
Kadeem Sweeney;98436371896;PJ;7905;50
Dillon Hays;65138347276;PJ;5821;50
Neville Allison;55584623961;PJ;8193;50
Hayfa Nelson;68774933898;PJ;4734;50
Branden Davidson;36243282449;PJ;5811;50
Delilah Caldwell;76932265227;PJ;8560;50
Shafira Downs;85855623576;PJ;940;50
Brady Barnes;75743721978;PJ;1894;50
Oren Shields;51778323965;PJ;3560;50
Natalie Summers;45547586137;PJ;362;50
Brett Mccoy;68338454592;PJ;2551;50
Blossom Carey;45885158378;PJ;559;50
Kylynn Schwartz;73832452543;PJ;1593;50
Cairo Rowland;85416835674;PJ;3579;50
Amy Tucker;95442112942;PJ;8332;50
Nichole Hinton;16981835237;PJ;7970;50
Aretha Kinney;42743525482;PJ;4403;50
Elijah Soto;59871374582;PJ;2072;50
Mariam Mayo;23623288557;PJ;9258;50
Sopoline Jordan;29378473794;PJ;195;50
Isadora Wooten;35294472264;PJ;3598;50
Abraham Owens;84385663485;PJ;5707;50
Cruz Pearson;57317647643;PJ;7333;50
Benjamin Garner;27491553768;PJ;6756;50
Quail Rodriquez;53572577958;PJ;5194;50
Ulysses Dorsey;73764226457;PJ;7835;50
